{
  "height": 360.0725952813,
  "id": 3663086898,
  "width": 171.9056261343,
  "x": 0,
  "y": 360.0725952813,
  "z": 4000
}