{
  "height": 64.8909080319,
  "id": 3663086911,
  "width": 63.9366299726,
  "x": 0,
  "y": 40.0796784903,
  "z": 3000
}