{
  "height": 720.6299212598,
  "id": 3663086918,
  "width": 1092.5354330709,
  "x": 187.4645669291,
  "y": 0,
  "z": 2000
}