{
  "height": 136.7023739032,
  "id": 3663086908,
  "width": 351.0164181515,
  "x": 928.6941917425,
  "y": 582.9694783873,
  "z": 1000
}