{
  "height": 39.9632690542,
  "id": 3665338368,
  "width": 39.9632690542,
  "x": 185.7116620753,
  "y": 0,
  "z": 8000
}