{
  "height": 347.2958257713,
  "id": 3663086936,
  "width": 171.9056261343,
  "x": 0,
  "y": 0,
  "z": 3000
}