{
  "height": 715.5905511811,
  "id": 3665338361,
  "width": 1093.5433070866,
  "x": 186.4566929134,
  "y": 4.031496063,
  "z": 1000
}