{
  "height": 629.5733126455,
  "id": 3663086921,
  "width": 1280,
  "x": 0,
  "y": 90.3646237393,
  "z": 0
}