{
  "height": 120,
  "id": 3663086903,
  "width": 329.8495989665,
  "x": 275.3130875103,
  "y": 323.2546733702,
  "z": 2000
}