{
  "height": 54.1018251681,
  "id": 3663086889,
  "width": 292.641690682,
  "x": 677.502401537,
  "y": 66.3976945245,
  "z": 14000
}