{
  "height": 64.5871559633,
  "id": 3663086899,
  "width": 63.8532110092,
  "x": 0,
  "y": 0,
  "z": 4000
}