{
  "height": 54.1018251681,
  "id": 3663086882,
  "width": 292.641690682,
  "x": 678.7319884726,
  "y": 0,
  "z": 7000
}