{
  "height": 331.4907508161,
  "id": 3663086866,
  "width": 211.7083786725,
  "x": 0,
  "y": 62.6768226333,
  "z": 3000
}