{
  "height": 88.1589403974,
  "id": 3663086892,
  "width": 293.298013245,
  "x": 303.298013245,
  "y": 499.9602649007,
  "z": 3000
}