{
  "height": 359.9565689468,
  "id": 3663086915,
  "width": 1085.4288816504,
  "x": 184.8425624321,
  "y": 359.9565689468,
  "z": 0
}