{
  "height": 39.4918330309,
  "id": 3663086822,
  "width": 39.4918330309,
  "x": 318.2577132486,
  "y": 148.6751361162,
  "z": 18000
}