{
  "height": 39.4918330309,
  "id": 3663086823,
  "width": 39.4918330309,
  "x": 187.0054446461,
  "y": 0,
  "z": 13000
}