{
  "height": 62.3665893271,
  "id": 3663086862,
  "width": 158.8863109049,
  "x": 5.939675174,
  "y": 173.7354988399,
  "z": 4000
}