{
  "height": 347.8660287081,
  "id": 3663086860,
  "width": 540.1722488038,
  "x": 739.8277511962,
  "y": 0,
  "z": 12000
}