{
  "height": 170.7990690458,
  "id": 3663086937,
  "width": 168.8130333592,
  "x": 2.9790535299,
  "y": 31.7765709853,
  "z": 4000
}