{
  "height": 132.6545454545,
  "id": 3663086865,
  "width": 207.1272727273,
  "x": 2.3272727273,
  "y": 104.7272727273,
  "z": 4000
}