{
  "height": 720.0870511425,
  "id": 3663086928,
  "width": 1090.5767138194,
  "x": 189.4232861806,
  "y": 0,
  "z": 1000
}