{
  "height": 687.6033057851,
  "id": 3663086905,
  "width": 347.9155188246,
  "x": 923.8567493113,
  "y": 5.8769513315,
  "z": 0
}