{
  "height": 64.069640914,
  "id": 3663086867,
  "width": 192.2089227421,
  "x": 9.7497279652,
  "y": 236.7791077258,
  "z": 5000
}