{
  "height": 40.3040173724,
  "id": 3663086833,
  "width": 40.3040173724,
  "x": 187.6221498371,
  "y": 0,
  "z": 6001
}