{
  "height": 40.3040173724,
  "id": 3663086837,
  "width": 40.3040173724,
  "x": 40.3040173724,
  "y": 0,
  "z": 1000
}