{
  "height": 83.4134988363,
  "id": 3663086940,
  "width": 253.2195500388,
  "x": 773.5608999224,
  "y": 0,
  "z": 4000
}