{
  "height": 64.6464646465,
  "id": 3663086901,
  "width": 64.6464646465,
  "x": 491.3131313131,
  "y": 196.290174472,
  "z": 6000
}