{
  "height": 40.3040173724,
  "id": 3663086831,
  "width": 40.3040173724,
  "x": 184.8425624321,
  "y": 359.9565689468,
  "z": 11000
}