{
  "height": 83.4134988363,
  "id": 3663086946,
  "width": 253.2195500388,
  "x": 267.1217998448,
  "y": 0,
  "z": 5000
}