{
  "height": 40.3040173724,
  "id": 3663086838,
  "width": 40.3040173724,
  "x": 0,
  "y": 90.3365906623,
  "z": 7000
}