{
  "height": 54.1018251681,
  "id": 3663086888,
  "width": 336.906820365,
  "x": 318.4630163305,
  "y": 66.3976945245,
  "z": 13000
}