{
  "height": 170.9446254072,
  "id": 3666466838,
  "width": 168.1650380022,
  "x": 4.1693811075,
  "y": 113.9630836048,
  "z": 6000
}