{
  "height": 223.3241505969,
  "id": 3663086906,
  "width": 310.303030303,
  "x": 943.8383838384,
  "y": 453.7006427916,
  "z": 7000
}