{
  "height": 39.4918330309,
  "id": 3663086825,
  "width": 39.4918330309,
  "x": 741.0526315789,
  "y": 360.0725952813,
  "z": 15000
}