{
  "height": 88.1589403974,
  "id": 3663086870,
  "width": 293.298013245,
  "x": 293.298013245,
  "y": 489.9602649007,
  "z": 9000
}