{
  "height": 64.3824083544,
  "id": 3666375939,
  "width": 63.500457555,
  "x": 0,
  "y": 0,
  "z": 2000
}