{
  "height": 83.4134988363,
  "id": 3663086941,
  "width": 253.2195500388,
  "x": 1026.7804499612,
  "y": 0,
  "z": 3000
}