{
  "height": 359.2370572207,
  "id": 3663086935,
  "width": 172.0617620345,
  "x": 0,
  "y": 360.3996366939,
  "z": 0
}