{
  "height": 353.1558935361,
  "id": 3663086907,
  "width": 1095.0570342205,
  "x": 185.247148289,
  "y": 0,
  "z": 2000
}