{
  "height": 719.9131378936,
  "id": 3663086930,
  "width": 1239.6959826276,
  "x": 40.3040173724,
  "y": 0,
  "z": 0
}