{
  "height": 265.6382001837,
  "id": 3663086900,
  "width": 691.129476584,
  "x": 95.8485389678,
  "y": 18.8062442608,
  "z": 5000
}