{
  "height": 330.7709011944,
  "id": 3663086827,
  "width": 168.1650380022,
  "x": 0,
  "y": 113.9630836048,
  "z": 9000
}