{
  "height": 68.518231187,
  "id": 3663086932,
  "width": 196.6175329713,
  "x": 1000.9619860357,
  "y": 29.7905352987,
  "z": 10000
}