{
  "height": 715.9658650116,
  "id": 3666375938,
  "width": 1093.3126454616,
  "x": 186.6873545384,
  "y": 3.9720713732,
  "z": 1000
}