{
  "height": 88.1589403974,
  "id": 3665338363,
  "width": 293.298013245,
  "x": 293.298013245,
  "y": 339.0728476821,
  "z": 3000
}