{
  "height": 119.8898071625,
  "id": 3663086902,
  "width": 330.2846648301,
  "x": 275.041322314,
  "y": 473.6822773186,
  "z": 3000
}