{
  "height": 347.7165354331,
  "id": 3663086896,
  "width": 172.3464566929,
  "x": 0,
  "y": 0,
  "z": 4000
}