{
  "height": 40.3040173724,
  "id": 3663086830,
  "width": 40.3040173724,
  "x": 184.8425624321,
  "y": 0,
  "z": 10000
}