{
  "height": 132.1577726218,
  "id": 3663086927,
  "width": 166.3109048724,
  "x": 0,
  "y": 41.5777262181,
  "z": 3000
}