{
  "height": 572.2540473225,
  "id": 3663086875,
  "width": 913.3748443337,
  "x": 366.6251556663,
  "y": 148.2440846824,
  "z": 5000
}