{
  "height": 39.5636363636,
  "id": 3663086826,
  "width": 39.5636363636,
  "x": 189.6727272727,
  "y": 0,
  "z": 6000
}