{
  "height": 315.9346642468,
  "id": 3663086886,
  "width": 219.5281306715,
  "x": 0,
  "y": 0,
  "z": 9000
}