{
  "height": 54.1018251681,
  "id": 3663086890,
  "width": 300.0192122959,
  "x": 979.9807877041,
  "y": 66.3976945245,
  "z": 15000
}