{
  "height": 357.6650717703,
  "id": 3663086858,
  "width": 538.9473684211,
  "x": 741.0526315789,
  "y": 360.1148325359,
  "z": 10000
}