{
  "height": 297.3737373737,
  "id": 3663086904,
  "width": 721.6896235078,
  "x": 79.9265381084,
  "y": 5.8769513315,
  "z": 1000
}