{
  "height": 54.1018251681,
  "id": 3663086881,
  "width": 336.906820365,
  "x": 318.4630163305,
  "y": 0,
  "z": 6000
}