{
  "height": 347.8660287081,
  "id": 3663086859,
  "width": 540.1722488038,
  "x": 187.4066985646,
  "y": 0,
  "z": 11000
}