{
  "height": 40.266920877,
  "id": 3663086844,
  "width": 39.0467111535,
  "x": 186.6920877026,
  "y": 0,
  "z": 14000
}