{
  "height": 97.5680580762,
  "id": 3663086887,
  "width": 219.5281306715,
  "x": 0,
  "y": 595.8620689655,
  "z": 12000
}