{
  "height": 53.4786557675,
  "id": 3663086828,
  "width": 163.9237057221,
  "x": 3.4877384196,
  "y": 31.3896457766,
  "z": 8000
}