{
  "height": 570.6600249066,
  "id": 3663086879,
  "width": 913.3748443337,
  "x": 366.6251556663,
  "y": 149.8381070984,
  "z": 1000
}