{
  "height": 347.4709976798,
  "id": 3663086861,
  "width": 178.1902552204,
  "x": 0,
  "y": 0,
  "z": 0
}