{
  "height": 347.4484256243,
  "id": 3663086914,
  "width": 1085.4288816504,
  "x": 184.8425624321,
  "y": 0,
  "z": 3000
}