{
  "height": 63.8515081206,
  "id": 3663086863,
  "width": 157.4013921114,
  "x": 4.4547563805,
  "y": 247.9814385151,
  "z": 5000
}