{
  "height": 82.420480993,
  "id": 3663086923,
  "width": 225.4150504267,
  "x": 41.7067494182,
  "y": 0.9930178433,
  "z": 2000
}