{
  "height": 353.1558935361,
  "id": 3663086845,
  "width": 1095.0570342205,
  "x": 185.247148289,
  "y": 366.8441064639,
  "z": 10000
}