{
  "height": 365.9315589354,
  "id": 3666375940,
  "width": 167.9087452471,
  "x": 0,
  "y": 315.7414448669,
  "z": 9000
}