{
  "height": 40.3040173724,
  "id": 3663086839,
  "width": 40.3040173724,
  "x": 1.3897937025,
  "y": 84.7774158523,
  "z": 6000
}