{
  "height": 714.8474576271,
  "id": 3663086916,
  "width": 1093.4237288136,
  "x": 186.5762711864,
  "y": 2.1694915254,
  "z": 1000
}