{
  "height": 328.7114337568,
  "id": 3663086884,
  "width": 219.5281306715,
  "x": 0,
  "y": 315.9346642468,
  "z": 10000
}