{
  "height": 605.7408844065,
  "id": 3663086931,
  "width": 981.1016291699,
  "x": 298.8983708301,
  "y": 114.1970519783,
  "z": 0
}