{
  "height": 719.9131378936,
  "id": 3663086929,
  "width": 1054.8534201954,
  "x": 40.3040173724,
  "y": 0,
  "z": 0
}