{
  "height": 635.1330798479,
  "id": 3663086924,
  "width": 1279.391634981,
  "x": 0,
  "y": 84.8669201521,
  "z": 0
}