{
  "height": 83.4134988363,
  "id": 3663086945,
  "width": 253.2195500388,
  "x": 520.3413498836,
  "y": 0,
  "z": 4000
}