{
  "height": 357.6650717703,
  "id": 3663086857,
  "width": 540.1722488038,
  "x": 186.1818181818,
  "y": 360.1148325359,
  "z": 8000
}