{
  "height": 40.1520912548,
  "id": 3663086843,
  "width": 40.1520912548,
  "x": 186.1596958175,
  "y": 363.1939163498,
  "z": 13000
}