{
  "height": 88.1589403974,
  "id": 3663086869,
  "width": 293.298013245,
  "x": 293.298013245,
  "y": 339.0728476821,
  "z": 8000
}