{
  "height": 90.5989110708,
  "id": 3663086885,
  "width": 219.5281306715,
  "x": 0,
  "y": 487.8402903811,
  "z": 11000
}