{
  "height": 40.6533575318,
  "id": 3663086856,
  "width": 40.6533575318,
  "x": 185.8439201452,
  "y": 360.0725952813,
  "z": 9000
}