{
  "height": 39.4918330309,
  "id": 3663086824,
  "width": 39.4918330309,
  "x": 741.0526315789,
  "y": 0,
  "z": 14000
}