{
  "height": 719.7111913357,
  "id": 3663086934,
  "width": 1091.6967509025,
  "x": 188.3032490975,
  "y": 0,
  "z": 1000
}