{
  "height": 719.9131378936,
  "id": 3663086919,
  "width": 1053.4636264929,
  "x": 226.5363735071,
  "y": 0,
  "z": 1000
}