{
  "height": 40.3040173724,
  "id": 3663086832,
  "width": 40.3040173724,
  "x": 226.5363735071,
  "y": 0,
  "z": 7000
}