{
  "height": 234.5247148289,
  "id": 3666375935,
  "width": 172.4714828897,
  "x": 0,
  "y": 485.4752851711,
  "z": 0
}