{
  "height": 54.1018251681,
  "id": 3663086883,
  "width": 300.0192122959,
  "x": 979.9807877041,
  "y": 0,
  "z": 8000
}