{
  "height": 64.069640914,
  "id": 3663086868,
  "width": 189.4232861806,
  "x": 12.5353645267,
  "y": 317.5625680087,
  "z": 6000
}